BGC0000001,Abyssomicin C,NPA001961,pk
BGC0000002,Aculeximycin,NPA009222,pk
BGC0000004,Aflatoxin G1,NPA014300,pk
BGC0000011,Sterigmatocystin,NPA005925,pk
BGC0000012,Alternapyrone,NPA020320,pk
BGC0000013,Alternariol,NPA020438,pk
BGC0000014,Ambruticin,NPA020401,pk
BGC0000017,Anatoxin A,NPA020384,pk:alkaloid
BGC0000020,Ansamitocin P-3,NPA028323,pk
BGC0000021,Apoptolidin,NPA013146,pk
BGC0000022,Asperfuranone,NPA010580,pk
BGC0000023,Aurafuron A,NPA001119,pk
BGC0000024,Aureothin,NPA007540,pk
BGC0000027,Monascorubrin,NPA002306,pk
BGC0000028,Bafilomycin B1,NPA002171,pk
BGC0000029,BE-14106,NPA017806,pk
BGC0000030,Bikaverin,NPA020297,pk
BGC0000031,Borrelidin,NPA011087,pk
BGC0000032,A23187,NPA003386,pk
BGC0000035,Chalcomycin A,NPA004454,pk
BGC0000038,Coelimycin P1,NPA020344,pk
BGC0000039,Compactin,NPA018102,pk
BGC0000040,Concanamycin A,NPA014456,pk
BGC0000041,Coronafacic acid,NPA013714,pk
BGC0000042,Cremimycin,NPA015915,pk
BGC0000043,Curacin A,NPA003438,pk
BGC0000044,Dawenol,NPA016469,pk
BGC0000045,Dehydrocurvularin,NPA004907,pk
BGC0000046,Depudecin,NPA001465,pk
BGC0000049,E-975,NPA013786,pk
BGC0000050,E-837,NPA006280,pk
BGC0000051,Ebelactone A,NPA020407,pk
BGC0000052,ECO-02301,NPA003626,pk
BGC0000055,Erythromycin C,NPA009987,pk
BGC0000058,FD-891,NPA007258,pk
BGC0000062,Fumonisin B1,NPA012054,pk
BGC0000065,Rustmicin,NPA017893,pk
BGC0000066,Geldanamycin,NPA019914,pk
BGC0000069,Gephyronic acid,NPA001724,pk
BGC0000070,Griseofulvin,NPA002483,pk
BGC0000072,Gulmirecin A,NPA000955,pk
BGC0000073,Halstoctacosanolide A,NPA016676,pk
BGC0000074,Herbimycin A,NPA003301,pk
BGC0000075,Hygrocin A,NPA004945,pk
BGC0000076,Hypothemycin,NPA020311,pk
BGC0000078,Incednine,NPA014992,pk
BGC0000080,Jerangolid A,NPA002932,pk
BGC0000081,Kedarcidin,NPA020328,pk
BGC0000082,Kijanimicin,NPA020403,pk
BGC0000083,Lactimidomycin,NPA010776,pk
BGC0000084,Laidlomycin,NPA016744,pk
BGC0000085,Lankamycin,NPA008120,pk
BGC0000088,Monacolin K,NPA009354,pk
BGC0000090,Macbecin II,NPA007469,pk
BGC0000091,Marineosin B,NPA012274,pk
BGC0000092,Megalomicin B,NPA020346,pk
BGC0000094,Methymycin,NPA001238,pk:saccharide
BGC0000095,Micromonolactam,NPA020343,pk
BGC0000097,ML-449,NPA020379,pk
BGC0000098,Monacolin K,NPA009354,pk
BGC0000100,Monensin,NPA010274,pk
BGC0000101,Shamixanthone,NPA013991,pk
BGC0000102,Mycinamicin II,NPA020413,pk
BGC0000103,Mycolactone B,NPA019693,pk
BGC0000104,Mycophenolic acid,NPA015757,pk:terpene
BGC0000106,Naphthomycin A,NPA000326,pk
BGC0000109,LL-F28249?,NPA002610,pk
BGC0000110,Spectinabilin,NPA001602,pk
BGC0000111,Neocarzilin A,NPA002988,pk
BGC0000112,Neocarzinostatin,NPA020312,pk
BGC0000113,Niddamycin,NPA020439,pk
BGC0000114,Nigericin,NPA001792,pk
BGC0000115,Nystatin A1,NPA020315,pk:saccharide
BGC0000117,Oligomycin A,NPA020383,pk
BGC0000118,Pactamycin,NPA020338,pk
BGC0000119,7-deoxypactamycin,NPA001550,pk:saccharide
BGC0000120,Patulin,NPA020289,pk
BGC0000121,RES-1214-2,NPA011068,pk
BGC0000122,Phenylnannolone C,NPA002006,pk
BGC0000123,Phoslactomycin B,NPA014048,pk
BGC0000124,Piericidin A1,NPA005338,pk
BGC0000125,Pimaricin,NPA020313,pk
BGC0000126,Pladienolide B,NPA008881,pk
BGC0000127,Pyoluteorin,NPA002175,pk
BGC0000129,Pyripyropene A,NPA007480,pk
BGC0000130,Pyrrolomycin C,NPA009712,pk
BGC0000133,Quartromicin A1,NPA016433,pk
BGC0000134,Radicicol,NPA003487,pk
BGC0000135,Reveromycin A,NPA010078,pk
BGC0000138,Rimocidin,NPA020400,pk
BGC0000140,4-hexadecanoyl-3-hydroxy-2-(hydroxymethyl)-2H-furan-5-one,NPA006483,pk
BGC0000141,Protorubradirin,NPA003009,pk
BGC0000142,Salinilactam,NPA014064,pk
BGC0000143,Salinomycin,NPA008306,pk
BGC0000145,Salinosporamide A,NPA011013,pk
BGC0000146,Solanapyrone D,NPA019901,pk
BGC0000148,A83543A,NPA012233,pk
BGC0000149,Spirangien O,NPA018316,pk
BGC0000150,Sporolide B,NPA007130,pk
BGC0000151,Stambomycin A,NPA020356,pk:saccharide
BGC0000153,Stigmatellin,NPA002028,pk
BGC0000154,Stipitatic acid,NPA020442,pk
BGC0000157,Tautomycetin,NPA002249,pk
BGC0000159,Tautomycin,NPA020429,pk
BGC0000160,Terreic acid,NPA000714,pk
BGC0000161,Isoterrein,NPA019504,pk
BGC0000162,Tetrocarcin A,NPA020307,pk
BGC0000163,M139603,NPA020116,pk
BGC0000164,Tetronomycin,NPA020406,pk
BGC0000165,Tiacumicin B,NPA003282,pk
BGC0000167,Vicenistatin,NPA017222,pk
BGC0000168,Viridicatumtoxin,NPA003651,pk
BGC0000170,Yanuthone D,NPA013738,pk
BGC0000171,9-methylstreptimidone,NPA019467,pk
BGC0000172,Basiliskamide A,NPA007306,pk
BGC0000173,Isobongkrekic acid,NPA017560,pk
BGC0000174,Bryostatin 1,NPA020330,pk
BGC0000175,Cycloheximide,NPA012393,pk
BGC0000176,Difficidin,NPA019912,pk
BGC0000177,Migrastatin,NPA006168,pk
BGC0000178,Elansolid A,NPA013735,pk
BGC0000179,Etnangien,NPA008563,pk
BGC0000180,Legioliulin,NPA000480,pk
BGC0000181,Macrolactin H,NPA018354,pk
BGC0000182,Pseudomonic acid A,NPA006173,pk
BGC0000183,Paenimacrolidin,NPA020373,pk
BGC0000184,Sorangicin A,NPA000537,pk
BGC0000186,Thailandamide lactone,NPA000586,nrp:pk
BGC0000187,Asukamycin,NPA012374,pk
BGC0000189,3-(2’-acetoxy-3’- oxo-4’-methylpentyl)-indole,NPA003248,pk
BGC0000190,A-74528,NPA019443,pk
BGC0000191,Aclacinomycin A1,NPA020121,pk
BGC0000196,AQ-256,NPA020274,pk
BGC0000197,Aranciamycin,NPA019110,pk:saccharide
BGC0000198,Arenimycin,NPA020342,pk:saccharide
BGC0000199,Arimetamycin A,NPA010841,pk:saccharide
BGC0000200,Arixanthomycin A,NPA020324,pk:saccharide
BGC0000202,Azicemicin B,NPA004525,pk
BGC0000204,Benastatin B,NPA003217,pk
BGC0000206,Chartreusin,NPA002015,pk
BGC0000208,Chelocardin,NPA018131,pk
BGC0000210,Chromomycin A3,NPA016129,pk:saccharide
BGC0000211,Chrysomycin B,NPA020056,pk
BGC0000212,Cinerubin B,NPA019994,pk:saccharide
BGC0000213,Colabomycin E,NPA020278,pk
BGC0000214,Cosmomycin B,NPA013316,pk
BGC0000215,Curamycin A,NPA020402,pk
BGC0000216,Dactylocycline A,NPA017120,pk
BGC0000220,Enterocin,NPA009644,ripp
BGC0000221,Erdacin,NPA015846,pk
BGC0000222,FD-594,NPA001710,pk
BGC0000223,Rabelomycin,NPA019619,pk:saccharide
BGC0000224,Fredericamycin A,NPA016501,pk
BGC0000225,Frenolicin B,NPA015910,pk
BGC0000226,Gilvocarcin V,NPA009430,pk
BGC0000227,Granaticin,NPA020286,pk
BGC0000229,Grincamycin,NPA001972,pk:saccharide
BGC0000230,Griseorhodin A,NPA020305,pk
BGC0000231,Griseusin A,NPA020096,pk
BGC0000232,Hatomarubigin A,NPA020430,pk
BGC0000233,Hedamycin,NPA020304,pk
BGC0000234,Jadomycin,NPA018705,pk
BGC0000235,Kiamycin,NPA002858,pk
BGC0000236,Kinamycin A,NPA020118,pk
BGC0000237,Lactonamycin Z,NPA008323,pk
BGC0000238,Lactonamycin,NPA011917,pk
BGC0000239,Landomycin A,NPA004350,pk
BGC0000240,Lomaiviticin A,NPA006818,pk
BGC0000241,Lomaiviticin A,NPA006818,pk
BGC0000242,Lysolipin I,NPA004366,pk
BGC0000245,Lactoquinomycin,NPA000431,pk
BGC0000245,Medermycin,NPA021141,pk
BGC0000246,Aureolic acid,NPA016575,pk
BGC0000249,Nogalamycin,NPA007304,pk:saccharide
BGC0000250,Nogalamycinone,NPA001497,pk:saccharide
BGC0000253,Oviedomycin,NPA018728,pk
BGC0000255,Pederin,NPA020381,pk
BGC0000256,Pradimicin A,NPA008193,pk
BGC0000261,R1128 A,NPA020125,pk
BGC0000262,Rabelomycin,NPA019619,pk:saccharide
BGC0000262,Gaudimycin A,NPA020272,pk:saccharide
BGC0000263,Ravidomycin,NPA020385,pk
BGC0000264,Resistomycin,NPA020339,pk
BGC0000266,?-Rubromycin,NPA011658,pk
BGC0000267,Saquayamycin Z,NPA002196,pk:saccharide
BGC0000268,Sch-47554,NPA014552,pk
BGC0000269,SF2575,NPA020435,pk:saccharide
BGC0000270,Simocyclinone D8,NPA008898,pk:saccharide
BGC0000273,Steffimycin D,NPA012312,pk:saccharide
BGC0000274,Tetarimycin B,NPA006659,pk
BGC0000276,Aquayamycin,NPA002472,pk:saccharide
BGC0000277,Aquayamycin,NPA002472,pk
BGC0000279,Xantholipin,NPA003057,pk
BGC0000280,2_4-Diacetylphloroglucinol,NPA020441,pk
BGC0000281,2_4-Diacetylphloroglucinol,NPA020441,pk
BGC0000283,Cetoniacytone A,NPA014963,other
BGC0000286,Viguiepinol,NPA020382,pk
BGC0000287,L-2-Amino-4-methoxy-trans-3-butenoic acid,NPA017445,nrp
BGC0000288,A-503083 F,NPA000003,nrp
BGC0000289,A-40926 A,NPA020375,nrp:saccharide
BGC0000290,A-47934,NPA014694,nrp:saccharide
BGC0000291,A-54145 A,NPA020420,nrp
BGC0000292,Acetylaranotin,NPA020387,nrp
BGC0000293,LL-S490?,NPA006297,nrp
BGC0000294,Acinetobactin,NPA018669,nrp
BGC0000295,Acinetoferrin,NPA010195,nrp
BGC0000296,Actinomycin D,NPA007563,nrp
BGC0000297,Aeruginoside 126A,NPA006922,nrp:pk:saccharide
BGC0000298,Aeruginosin 98-C,NPA001072,nrp
BGC0000299,Bromoalterochromide A',NPA005881,nrp:pk
BGC0000300,Amychelin,NPA011646,nrp
BGC0000301,Anabaenopeptin 915,NPA006610,nrp
BGC0000303,Anthramycin,NPA008987,nrp
BGC0000304,Apicidin,NPA013880,nrp
BGC0000305,Arthrofactin A,NPA020117,nrp
BGC0000307,Aureobasidin T1,NPA018632,nrp
BGC0000308,Phevalin,NPA003113,nrp
BGC0000309,Corynebactin,NPA020129,nrp
BGC0000311,Balhimycin,NPA010597,nrp
BGC0000312,Bassianolide,NPA020314,nrp
BGC0000313,Beauvericin,NPA001888,nrp
BGC0000315,CDA4b,NPA003812,nrp
BGC0000316,Capreomycin IA,NPA020093,nrp
BGC0000317,Cephalosporin C,NPA009329,nrp
BGC0000319,Cephamycin C,NPA008205,nrp
BGC0000320,Cereulide,NPA001776,nrp
BGC0000321,Chaetocin,NPA020287,nrp
BGC0000323,Cichofactin A,NPA020361,nrp
BGC0000325,Coelichelin,NPA009051,nrp
BGC0000326,Isocomplestatin,NPA000750,nrp
BGC0000327,Netropsin,NPA018236,nrp
BGC0000328,Coronatine,NPA007302,nrp
BGC0000329,Corpeptin A,NPA020309,nrp
BGC0000330,Cupriachelin,NPA010214,nrp
BGC0000333,Cyclomarin D,NPA011889,nrp
BGC0000334,Cyclosporin A,NPA017720,nrp
BGC0000335,Cystomanamide C,NPA005786,nrp:pk
BGC0000337,Destruxin A,NPA009673,nrp
BGC0000338,Echinocandin B,NPA020288,nrp
BGC0000339,Echinomycin,NPA020092,nrp
BGC0000340,Echoside B,NPA014615,nrp
BGC0000341,Enduracidin A,NPA020038,nrp
BGC0000343,Enterobactin,NPA018623,nrp
BGC0000344,Entolysin A,NPA020284,nrp
BGC0000345,Eponemycin,NPA020428,nrp:pk
BGC0000346,Epoxomicin,NPA020434,nrp:pk
BGC0000349,Erythrochelin,NPA009462,nrp
BGC0000350,Ecteinascidin 743,NPA020323,nrp
BGC0000351,Exochelin MS,NPA000288,nrp
BGC0000352,Fimsbactin A,NPA007176,nrp
BGC0000353,Tacrolimus,NPA019402,nrp
BGC0000354,Friulimicin C,NPA009685,nrp
BGC0000355,Fumiquinazoline A,NPA005162,nrp
BGC0000356,Tryprostatin A,NPA006056,nrp:alkaloid
BGC0000358,Fusaricidin B,NPA000553,nrp
BGC0000359,Fuscachelin A,NPA020353,nrp
BGC0000360,GE81112,NPA003664,nrp
BGC0000361,Gliotoxin,NPA017485,nrp
BGC0000366,Gobichelin A,NPA014123,nrp
BGC0000368,Streptobactin,NPA003060,nrp
BGC0000370,HC toxin,NPA017921,nrp
BGC0000371,Heterobactin A,NPA003464,nrp
BGC0000372,Terezine D,NPA005625,nrp
BGC0000373,Holomycin,NPA013565,nrp
BGC0000374,Hormaomycin,NPA020267,nrp
BGC0000375,Indigoidine,NPA020291,nrp
BGC0000376,JBIR-34,NPA001973,nrp
BGC0000377,Koranimine,NPA000689,nrp
BGC0000378,Kutzneride 2,NPA015447,nrp
BGC0000379,Glycinocin A,NPA001403,nrp
BGC0000380,Leupyrrin A1,NPA012504,nrp:pk
BGC0000382,Lipstatin,NPA016962,nrp
BGC0000383,Luminmycin A,NPA001451,nrp:pk
BGC0000384,Lyngbyatoxin A,NPA020374,nrp
BGC0000385,Lysobactin,NPA017094,nrp
BGC0000386,Malleobactin B,NPA004563,nrp
BGC0000389,Massetolide A,NPA001118,nrp
BGC0000391,Methylpendolmycin,NPA020216,nrp
BGC0000392,Mirubactin,NPA020099,nrp
BGC0000393,Myxoprincomide-c506,NPA010895,nrp:pk
BGC0000394,Naphthyridinomycin,NPA005217,nrp
BGC0000395,Nocardicin A,NPA007538,nrp
BGC0000396,Nodularin,NPA005387,nrp
BGC0000397,Nostocyclopeptide A2,NPA004801,nrp
BGC0000398,Orfamide B,NPA002140,nrp
BGC0000399,Orfamide A,NPA001606,nrp
BGC0000400,Paenibacterin,NPA020380,nrp
BGC0000402,Paenilarvin A,NPA020281,nrp
BGC0000403,Pelgipeptin A,NPA020371,nrp
BGC0000407,Plipastatin A1,NPA020419,nrp
BGC0000409,Porothramycin A,NPA007051,nrp
BGC0000410,Pseudomonine,NPA014034,nrp
BGC0000411,Putisolvin I,NPA020351,nrp
BGC0000412,Pyochelin,NPA013123,nrp
BGC0000413,Pyoverdin,NPA014047,nrp
BGC0000414,DC-52,NPA020123,nrp
BGC0000415,Echinomycin,NPA020092,nrp
BGC0000416,Rhabdopeptide 1,NPA020246,nrp
BGC0000417,Rhodochelin,NPA008134,nrp
BGC0000418,Ristocetin A,NPA020115,nrp
BGC0000419,Ristocetin A,NPA020115,nrp:saccharide
BGC0000420,Roquefortine D,NPA010085,nrp
BGC0000421,Safracin A,NPA020411,nrp
BGC0000422,Saframycin A,NPA020292,nrp
BGC0000423,Scabichelin,NPA008731,nrp
BGC0000424,Serobactin A,NPA020363,nrp
BGC0000426,Sevadicin,NPA020366,nrp
BGC0000428,Sibiromycin,NPA001741,nrp
BGC0000429,RP-1776,NPA003971,nrp:pk
BGC0000430,Spumigin E,NPA020367,nrp:pk
BGC0000431,Stenothricin A,NPA020290,nrp
BGC0000432,Streptothricin A,NPA020444,nrp
BGC0000433,Surfactin,NPA018495,nrp
BGC0000434,SW-163C,NPA012323,nrp
BGC0000436,Syringolin A,NPA010377,nrp
BGC0000437,Syringomycin,NPA020308,nrp
BGC0000438,Syringopeptin 25A,NPA020298,nrp
BGC0000439,Taromycin A,NPA020360,nrp
BGC0000442,Terrequinone A,NPA005272,nrp
BGC0000443,Thanamycin,NPA028607,nrp
BGC0000444,Thaxtomin A,NPA009094,nrp
BGC0000445,Thiocoraline,NPA019774,nrp
BGC0000446,Tilivalline,NPA020306,nrp
BGC0000447,Tolaasin F,NPA020277,nrp
BGC0000448,Tomaymycin,NPA005351,nrp
BGC0000449,Tridecaptin A1,NPA015860,nrp
BGC0000450,Triostin A,NPA013641,nrp
BGC0000451,Turnerbactin,NPA020388,nrp
BGC0000453,Valinomycin,NPA006953,nrp
BGC0000454,Vanchrobactin,NPA016075,nrp
BGC0000456,Verlamelin,NPA020418,nrp
BGC0000457,Vicibactin,NPA000788,nrp
BGC0000459,Griseoviridin,NPA002368,nrp:pk
BGC0000459,Fijimycin A,NPA019593,nrp
BGC0000460,Vulnibactin,NPA006880,nrp
BGC0000461,WAP-8294A2,NPA018076,nrp
BGC0000462,Viscosin,NPA006108,nrp
BGC0000463,Xantholysin A,NPA024694,nrp
BGC0000464,Xenoamicin A,NPA020259,nrp
BGC0000465,Xenortide A,NPA010726,nrp
BGC0000466,Yatakemycin,NPA001250,nrp
BGC0000467,Yersiniabactin,NPA015861,nrp
BGC0000468,Bottromycin A2,NPA004746,ripp
BGC0000469,Bottromycin A2,NPA004746,ripp
BGC0000471,Viridisamide A,NPA024635,ripp
BGC0000473,Microcyclamide,NPA018963,ripp
BGC0000479,Prenylagaramide B,NPA016379,ripp
BGC0000480,Tenuecyclamide C,NPA013841,ripp
BGC0000481,Trichamide,NPA013307,ripp
BGC0000483,Aeruginosamide B,NPA024636,ripp
BGC0000501,Catenulipeptin,NPA007476,ripp
BGC0000502,Cerecidin A1,NPA024682,ripp
BGC0000503,Ro 09?0198,NPA024615,ripp
BGC0000514,Gallidermin,NPA024678,ripp
BGC0000521,Lacticin 481,NPA015244,ripp
BGC0000528,Michiganin A,NPA003313,ripp
BGC0000539,Nukacin ISK-1,NPA007347,ripp
BGC0000544,Planosporicin,NPA012987,ripp
BGC0000565,Goadsporin,NPA013181,ripp
BGC0000581,Microcin J25,NPA005946,ripp
BGC0000582,Cypemycin,NPA012286,ripp
BGC0000583,Grisemycin,NPA024684,ripp
BGC0000585,Microcin C7,NPA024668,ripp
BGC0000591,Marinostatin,NPA024638,ripp
BGC0000592,Microviridin B,NPA011740,ripp
BGC0000593,Microviridin J,NPA024658,ripp
BGC0000594,Microviridin K,NPA028706,ripp
BGC0000598,Polytheonamide A,NPA028598,ripp
BGC0000603,Cyclothiazomycin,NPA002427,ripp
BGC0000604,GE2270 A,NPA004910,ripp
BGC0000605,GE37468 A,NPA001856,ripp
BGC0000607,Micrococcin P1,NPA024664,ripp
BGC0000608,Nocathiacin I,NPA016398,ripp
BGC0000610,Nosiheptide,NPA024618,ripp
BGC0000611,Siomycin A,NPA012763,ripp
BGC0000612,Thiocillin I,NPA021148,ripp
BGC0000613,Thiomuracin A,NPA000468,ripp
BGC0000614,Thiostrepton,NPA024659,ripp
BGC0000615,TP-1161,NPA011129,ripp
BGC0000618,Enterocin A,NPA015771,ripp
BGC0000625,Thioviridamide,NPA011569,ripp
BGC0000627,Ustiloxin B,NPA017985,ripp
BGC0000629,Aflatrem,NPA013289,terpene
BGC0000631,Botrydial,NPA003924,terpene
BGC0000632,Brasilicardin A,NPA012735,terpene
BGC0000651,KS-505a,NPA024710,terpene
BGC0000652,A80915C,NPA024669,terpene
BGC0000653,Pentalenolactone,NPA014531,terpene
BGC0000654,Phenalinolactone A,NPA016342,terpene
BGC0000660,Albaflavenone,NPA017239,terpene
BGC0000661,Geosmin,NPA009715,terpene
BGC0000662,Grixazone A,NPA014985,terpene
BGC0000663,Hopene,NPA000919,terpene
BGC0000665,Xiamycin,NPA012008,terpene:alkaloid
BGC0000667,PR-toxin,NPA009783,terpene
BGC0000668,Welwitindolinone C isothiocyanate,NPA013111,terpene
BGC0000673,Pimara-8(14)_15-diene,NPA002689,terpene
BGC0000676,Aphidicolin,NPA010945,terpene
BGC0000677,Cyclooctatin,NPA020618,terpene
BGC0000679,Diazepinomicin,NPA001837,terpene
BGC0000680,Austinol,NPA024666,terpene
BGC0000682,Terretonin,NPA024655,terpene
BGC0000683,Avermitilol,NPA019411,terpene
BGC0000684,Asperthecin,NPA005176,pk
BGC0000685,Brassicicene C,NPA013985,terpene
BGC0000686,Helvolic acid,NPA007805,terpene
BGC0000690,Hydroxystreptomycin,NPA000933,saccharide
BGC0000692,Apramycin,NPA024656,saccharide
BGC0000693,Butirosin A,NPA009292,saccharide
BGC0000695,Fortimicin B,NPA021119,saccharide
BGC0000696,Gentamicin,NPA009026,saccharide
BGC0000698,Hygromycin A,NPA014061,saccharide
BGC0000699,Hygromycin A,NPA014061,saccharide
BGC0000700,Istamycin A,NPA001361,saccharide
BGC0000708,Lividomycin A,NPA021204,saccharide
BGC0000708,Kinamycin F,NPA021332,saccharide
BGC0000709,Neomycin,NPA009494,saccharide
BGC0000712,Paromomycin,NPA000635,saccharide
BGC0000713,SF-733,NPA024702,saccharide
BGC0000714,Sisomicin,NPA009502,saccharide
BGC0000715,Actinospectacin,NPA011641,saccharide
BGC0000717,Streptomycin,NPA024652,saccharide
BGC0000719,Tobramycin,NPA024722,saccharide
BGC0000722,Validamycin A,NPA021209,saccharide
BGC0000723,Beta-D-Galactosylvalidoxylamine A,NPA008641,other:saccharide
BGC0000727,Indigoidine,NPA020291,saccharide
BGC0000804,Acarviostatin I03,NPA024628,saccharide
BGC0000805,Moenomycin,NPA007626,saccharide
BGC0000809,AT2433-A1,NPA011993,alkaloid
BGC0000811,Fumigaclavine C,NPA018250,alkaloid
BGC0000812,Huperzine A,NPA000438,alkaloid
BGC0000813,K-252a,NPA002183,alkaloid
BGC0000815,N-formylloline,NPA003421,alkaloid
BGC0000816,Malbrancheamide B,NPA004108,nrp:alkaloid
BGC0000817,Methylarcyriarubin,NPA024841,alkaloid
BGC0000818,Notoamide A,NPA004681,nrp
BGC0000819,Paraherquamide,NPA003590,nrp:alkaloid
BGC0000820,Physostigmine,NPA006965,alkaloid
BGC0000821,Rebeccamycin,NPA008169,alkaloid
BGC0000824,Scytonemin,NPA016943,alkaloid
BGC0000825,Staurosporine,NPA014588,alkaloid
BGC0000828,Violacein,NPA015879,alkaloid
BGC0000830,Violacein,NPA015879,alkaloid
BGC0000832,Clorobiocin,NPA024723,saccharide
BGC0000833,Coumermycin A1,NPA024721,saccharide
BGC0000834,Cathomycin,NPA017352,saccharide:other
BGC0000836,APE Ec,NPA024632,other
BGC0000837,APE Vf,NPA024633,other
BGC0000838,Flexirubin,NPA024875,other
BGC0000839,Flexirubin,NPA024875,other
BGC0000840,Xanthomonadin I,NPA012218,ripp
BGC0000841,Clavulanic acid,NPA019639,other
BGC0000842,MM 4550,NPA009562,other
BGC0000844,Clavulanic acid,NPA019639,other
BGC0000846,Tabtoxin,NPA015739,other
BGC0000847,Thienamycin,NPA008843,beta-lactam
BGC0000848,A-factor,NPA024717,other
BGC0000849,SCB2,NPA006705,other
BGC0000851,Albonoursin,NPA016033,other
BGC0000852,Ectoine,NPA024861,other
BGC0000871,1-O-(13-methyl-1-Z-tetradecenyl)-2-O-(13-methyItetradecanoyl)- glycero-3-phospho-ethanolamine,NPA024781,other
BGC0000872,A-90289 A,NPA002100,other
BGC0000873,A201A,NPA024862,other
BGC0000874,Blasticidin S,NPA020580,other
BGC0000876,Neopolyoxin C,NPA015863,other
BGC0000877,Polyoxin H,NPA015746,other
BGC0000879,Toyocamycin,NPA006347,other
BGC0000880,Tunicamycin C,NPA009017,nucleoside
BGC0000882,Mildiomycin,NPA004676,other
BGC0000883,Arginomycin,NPA020814,other
BGC0000884,3-methyl arginine,NPA024795,other
BGC0000885,4-hydroxy-3-nitrosobenzamide,NPA016795,other
BGC0000888,Bacilysin,NPA015870,other
BGC0000889,Bagremycin B,NPA003294,other
BGC0000892,Caryoynencin A,NPA024624,other
BGC0000893,Chloramphenicol,NPA016373,nrp
BGC0000894,Citrinin,NPA014581,other
BGC0000896,Cycloserine,NPA001237,other
BGC0000898,Methymycin,NPA001238,saccharide
BGC0000900,Ferrichrome,NPA024653,other
BGC0000904,FR-900098,NPA007537,other
BGC0000907,Lincomycin,NPA024602,other
BGC0000913,MK-8,NPA008437,other
BGC0000914,Methylenomycin A,NPA013552,other
BGC0000915,Mitomycin C,NPA020531,other
BGC0000921,Promysalin,NPA024634,nrp:other:pk
BGC0000923,Paerucumarin,NPA018070,other
BGC0000924,Pyrrolnitrin,NPA018752,other
BGC0000925,Quinolobactin,NPA017785,other
BGC0000926,Rhizocticin A,NPA017327,other
BGC0000927,Roseoflavin,NPA021173,other
BGC0000929,Xanthothricin,NPA004485,other
BGC0000932,Tropodithietic acid,NPA024788,other
BGC0000933,Xiamenmycin A,NPA009953,other
BGC0000934,Endophenazine G,NPA011461,other
BGC0000935,Esmareldine A,NPA024616,pk:other
BGC0000936,Pyocyanine,NPA000489,other
BGC0000937,Fosfazinomycin A,NPA024622,other
BGC0000938,Phosphonomycin,NPA024868,other
BGC0000939,Aerobactin,NPA024863,other
BGC0000940,Desferrioxamine B,NPA009012,other
BGC0000941,Desferrioxamine B,NPA009012,other
BGC0000942,Petrobactin,NPA010109,other
BGC0000944,Staphyloferrin A,NPA024679,other
BGC0000946,Vibrioferrin,NPA024673,other
BGC0000948,Alpha-galactosylceramide,NPA024832,other
BGC0000949,Capuramycin,NPA024704,nrp
BGC0000950,Napsamycin C,NPA001280,nrp:other
BGC0000951,Pacidamycin D,NPA013130,nrp
BGC0000953,Amicetin,NPA002444,saccharide
BGC0000954,Ajudazol A,NPA008161,nrp:pk
BGC0000955,Althiomycin,NPA024703,nrp:pk
BGC0000956,Andrimid,NPA015339,nrp:pk
BGC0000957,Mycotrienin I,NPA008547,nrp:pk
BGC0000959,Aspyridone A,NPA024793,nrp:pk
BGC0000960,Azinomycin B,NPA011599,nrp:pk
BGC0000961,Bactobolin,NPA005764,nrp:pk
BGC0000962,Barbamide,NPA018714,nrp:pk
BGC0000963,Bleomycin A2,NPA020036,nrp:pk
BGC0000964,Burkholdac A,NPA024809,nrp:pk
BGC0000965,C-1027,NPA018592,pk
BGC0000966,Caerulomycin A,NPA015275,nrp:pk
BGC0000967,Calyculinamide A,NPA024783,nrp:pk
BGC0000968,Chaetoglobosin A,NPA013078,nrp:pk
BGC0000969,Chondramide A,NPA007953,nrp:pk
BGC0000970,Chondrochloren A,NPA000508,nrp:pk
BGC0000971,Cinnabaramide A,NPA011227,nrp:pk
BGC0000972,Cis-7-tetradecenoyl-D-asparagine,NPA024842,nrp:pk
BGC0000973,Collismycin A,NPA020595,nrp:pk
BGC0000974,Crocacin,NPA011357,nrp:pk
BGC0000975,Cryptophycin-327,NPA017944,nrp:pk
BGC0000976,Curacin A,NPA003438,nrp:pk
BGC0000977,Iso-?-cyclopiazonic acid,NPA015449,nrp:pk
BGC0000979,Cylindrospermopsin,NPA027310,nrp:pk
BGC0000980,Cylindrospermopsin,NPA027310,nrp:pk
BGC0000981,Cylindrospermopsin,NPA027310,nrp:pk
BGC0000982,Cystothiazole A,NPA007000,nrp:pk
BGC0000983,Cytochalasin E,NPA017108,nrp:pk
BGC0000984,Delftibactin A,NPA020191,nrp:pk
BGC0000985,Nordidemnin B,NPA024800,nrp:pk
BGC0000986,DKxanthene 520,NPA001080,nrp:pk
BGC0000988,Epothilone B,NPA006085,nrp:pk
BGC0000992,Fusaridione A,NPA024821,nrp:pk
BGC0000993,FR901228,NPA016792,nrp:pk
BGC0000994,FR-900520,NPA003615,nrp:pk
BGC0000995,FR901464,NPA015806,nrp:pk
BGC0000996,Frontalamide B,NPA024803,nrp:pk
BGC0000997,Glidobactin C,NPA020765,nrp:pk
BGC0000998,Guadinomic acid,NPA016887,nrp:pk
BGC0000999,Dihydromaltophilin,NPA003389,nrp:pk
BGC0001000,Hectochlorin,NPA011115,nrp:pk
BGC0001001,Jamaicamide B,NPA000374,nrp:pk
BGC0001002,FR-900848,NPA020696,nrp:pk
BGC0001003,Alpha-lipomycin,NPA024867,nrp:pk:saccharide
BGC0001004,Lobophorin B,NPA011650,pk
BGC0001006,Lymphostinol,NPA000884,nrp:pk
BGC0001009,Melithiazol A,NPA008025,nrp:pk
BGC0001010,Melithiazol A,NPA008025,nrp:pk
BGC0001011,Meridamycin,NPA013430,nrp:pk
BGC0001014,Micacocidin,NPA001634,nrp:pk
BGC0001015,[D-Asp3_(Z)-Dhb7]Microcystin-LR,NPA000593,nrp:pk
BGC0001017,[D-Asp3_(Z)-Dhb7]Microcystin-LR_(Z)-Dhb7]Microcystin-LR,NPA000593,nrp:pk
BGC0001018,Micropeptin K139,NPA024798,nrp
BGC0001019,Microsclerodermin M,NPA008944,nrp:pk
BGC0001020,Muraymycin C1,NPA006302,nrp:pk
BGC0001021,Mycobactin T,NPA024789,nrp:pk
BGC0001022,Myxalamide D,NPA017737,nrp:pk
BGC0001023,Myxochromide S1,NPA001302,nrp:pk
BGC0001024,Myxothiazol,NPA001854,nrp:pk
BGC0001025,Myxovirescin A1,NPA000423,nrp:pk
BGC0001026,NG-391,NPA004762,nrp:pk
BGC0001027,Nocobactin NA 10152A,NPA024865,nrp:pk
BGC0001028,Nostopeptolide A2,NPA015196,nrp:pk
BGC0001029,Nostophycin,NPA016836,nrp:pk
BGC0001030,Ochratoxin A,NPA016066,nrp:pk
BGC0001031,Oocydin A,NPA024782,nrp:pk
BGC0001033,Paenilamicin A1,NPA024853,nrp:pk
BGC0001034,Pellasoren B,NPA024813,nrp:pk
BGC0001035,Pneumocandin A0,NPA001123,nrp:pk
BGC0001036,Polyoxypeptin,NPA016176,nrp:pk
BGC0001037,Pseurotin,NPA003544,nrp:pk
BGC0001038,Pyralomicin 1a,NPA013382,nrp:pk
BGC0001039,Pyridomycin,NPA024785,nrp:pk
BGC0001040,Rapamycin,NPA000414,nrp:pk
BGC0001041,Salinosporamide A,NPA011013,nrp:pk
BGC0001042,Sanglifehrin A,NPA014131,nrp:pk
BGC0001043,Not named,NPA024833,nrp:pk
BGC0001045,Spiruchostatin A,NPA007276,nrp:pk
BGC0001046,Streptolydigin,NPA024786,nrp:pk:saccharide
BGC0001048,Tallysomycin B,NPA021115,nrp:pk:saccharide
BGC0001049,Tenellin,NPA005743,nrp:pk
BGC0001050,Thalassospiramide A,NPA001933,nrp:pk
BGC0001051,Thuggacin A,NPA009721,nrp:pk
BGC0001052,Tirandamycin B,NPA011955,nrp:pk
BGC0001053,Tubulysin A,NPA016692,nrp:pk
BGC0001054,Xenocoumacin 2,NPA015250,nrp:pk
BGC0001056,Zeamine,NPA009575,nrp:pk
BGC0001058,Zorbamycin,NPA008777,nrp:pk:saccharide
BGC0001059,Zwittermicin A,NPA002819,nrp:pk
BGC0001060,Dynemicin A,NPA000412,pk
BGC0001061,Polyketomycin,NPA001096,pk:saccharide
BGC0001062,TLN-05220,NPA012697,pk
BGC0001063,Undecylprodigiosin,NPA009372,nrp:pk
BGC0001064,Cylindrocyclophane F,NPA028330,pk
BGC0001065,Herboxidiene,NPA006425,pk
BGC0001066,Kendomycin,NPA007727,pk
BGC0001067,Fumagillin,NPA010119,pk:terpene
BGC0001068,Pyripyropene A,NPA007480,pk:terpene
BGC0001069,Chivosazol,NPA015768,nrp:pk
BGC0001070,Kirromycin,NPA024864,nrp:pk
BGC0001071,Nosperin,NPA020215,nrp:pk
BGC0001072,Simocyclinone D8,NPA008898,other:pk:saccharide
BGC0001073,Isoquinocycline A,NPA005118,nrp:pk
BGC0001074,Cosmomycin D,NPA001627,pk:saccharide
BGC0001075,Aurachin RE,NPA000904,pk:terpene
BGC0001076,Liposidomycin A,NPA017888,other
BGC0001078,Furaquinocin B,NPA009549,pk
BGC0001079,Napyradiomycin 3,NPA001863,pk:terpene
BGC0001080,Endophenazine B,NPA007331,other
BGC0001081,Lolitrem F,NPA014308,alkaloid:terpene
BGC0001082,13-dehydroxypaxilline,NPA003569,terpene
BGC0001083,Merochlorin A,NPA007975,pk:terpene
BGC0001084,Notoamide A,NPA004681,alkaloid:nrp:terpene
BGC0001085,Teleocidin B1,NPA013971,nrp:terpene
BGC0001088,Albicidin,NPA020027,nrp:pk
BGC0001089,Bacillaene,NPA024792,nrp:pk
BGC0001090,Bacillomycin D,NPA008510,nrp:pk
BGC0001091,Corallopyronin A,NPA028497,nrp:pk
BGC0001092,Diaphorin,NPA028547,nrp:pk
BGC0001093,Disorazol A,NPA013201,nrp:pk
BGC0001094,Enacyloxin IIa,NPA011770,nrp:pk
BGC0001095,Fengycin C,NPA020186,nrp
BGC0001099,Kalimantacin A,NPA015478,nrp:pk
BGC0001100,Lankacidin C,NPA004098,nrp:pk
BGC0001101,Not named,NPA024860,nrp:pk
BGC0001102,Malleilactone,NPA013598,nrp:pk
BGC0001104,Myxovirescin A1,NPA000423,nrp:pk
BGC0001105,Onnamide A,NPA028597,nrp:pk
BGC0001106,Oxalomycin B,NPA012324,nrp:pk
BGC0001109,Pederin,NPA020381,nrp:pk
BGC0001110,Psymberin,NPA024787,nrp:pk
BGC0001111,Rhizopodin,NPA011391,nrp:pk
BGC0001112,Rhizoxin,NPA024874,nrp:pk
BGC0001113,Spliceostatin C,NPA003548,nrp:pk
BGC0001114,Thailanstatin A,NPA008640,nrp:pk
BGC0001115,Thiomarinol,NPA011004,nrp:pk
BGC0001116,Virginiamycin S1,NPA009403,nrp:pk
BGC0001117,Himastatin,NPA016115,nrp
BGC0001119,Divergolide A,NPA024805,pk
BGC0001121,Orsellinic acid,NPA024876,pk
BGC0001122,Dihydroisoflavipucine,NPA006949,nrp:pk
BGC0001123,Aspirochlorine,NPA009910,nrp
BGC0001124,Pyranonigrin E,NPA013692,pk
BGC0001125,Puwainaphycin C,NPA016353,nrp:pk
BGC0001126,Ambiguine I isonitrile,NPA000900,alkaloid:terpene
BGC0001127,Jagaricin,NPA024818,nrp
BGC0001128,GameXPeptide A,NPA016754,nrp
BGC0001130,Fabclavine Ia,NPA024836,nrp:pk
BGC0001131,Ambactin,NPA001035,nrp
BGC0001132,Xenotetrapeptide,NPA024840,nrp
BGC0001133,Taxlllaid A,NPA000259,nrp
BGC0001134,Photopyrone A,NPA024824,other
BGC0001135,Bicornutin A1,NPA024816,nrp
BGC0001137,Marinacarboline D,NPA000614,alkaloid
BGC0001138,A201A,NPA024862,other
BGC0001140,Platencin,NPA012954,terpene
BGC0001141,4-epi-15-epi-brefeldin A,NPA018651,pk
BGC0001142,Tryptoquialanine A,NPA001516,nrp
BGC0001143,Azanigerone C,NPA006968,pk
BGC0001144,Neosartoricin B,NPA024823,pk
BGC0001145,Cyclothiazomycin b1,NPA009917,thiopeptide
BGC0001146,Cyclothiazomycin C,NPA024844,thiopeptide
BGC0001148,Pheganomycin,NPA024877,nrp:ripp
BGC0001149,SB-253514,NPA019062,nrp:saccharide
BGC0001150,Pamamycin-607,NPA003559,pk
BGC0001151,(-)-2-(2-hydroxyethyl)clavam,NPA001279,other
BGC0001152,Fusaricidin B,NPA000553,nrp:pk
BGC0001154,Cacibiocin B,NPA003913,other
BGC0001159,Marinopyrrole B,NPA001154,nrp:pk
BGC0001172,Chlorizidine A,NPA008760,nrp:pk
BGC0001176,Streptomonomicin,NPA003689,ripp
BGC0001180,Not named,NPA002460,other
BGC0001193,Thiolutin,NPA005113,nrp
BGC0001200,Lorneic acid A,NPA006963,pk
BGC0001201,Eremophilene,NPA009636,terpene
BGC0001204,Versipelostatin,NPA011256,pk
BGC0001205,Communesin E,NPA000082,pk
BGC0001206,Indolmycin,NPA015391,other
BGC0001207,Teixobactin,NPA013751,nrp
BGC0001213,Nataxazole,NPA019425,pk
BGC0001214,Marformycin E,NPA001180,nrp
BGC0001215,Conglobatin,NPA006600,nrp
BGC0001221,Phenaziterpene A,NPA015380,other
BGC0001225,Celesticetin,NPA017050,nrp
BGC0001230,Salinamide E,NPA001452,nrp:pk
BGC0001232,Leucanicidin,NPA003336,pk
BGC0001233,Feglymycin,NPA002530,nrp
BGC0001235,Antalid,NPA017475,nrp:pk
BGC0001237,Thiolactomycin,NPA007080,pk
BGC0001238,Biotin,NPA013155,other
BGC0001240,Serinocyclin A,NPA015502,nrp
BGC0001242,Oxyjavanicin,NPA000830,pk
BGC0001243,Botcinin A,NPA007223,pk
BGC0001247,Cercosporin,NPA013081,pk
BGC0001248,Clavaric acid,NPA011462,terpene
BGC0001255,Equisetin,NPA013853,nrp:pk
BGC0001256,Atromentin,NPA018419,other
BGC0001260,Terpendole E,NPA016267,terpene
BGC0001262,AK-toxin I,NPA008756,pk
BGC0001263,Ergometrinine,NPA011882,nrp
BGC0001264,Betaenone C,NPA002632,pk
BGC0001269,Gibberellin A4,NPA001469,pk:terpene
BGC0001277,15-deacetylcalonectrin,NPA003080,terpene
BGC0001279,Roridin E,NPA010487,terpene
BGC0001282,Lolitriol,NPA016492,other
BGC0001285,Pseudopyronine A,NPA001300,other
BGC0001287,Chaxamycin B,NPA000253,pk
BGC0001288,Maklamicin,NPA001191,pk
BGC0001290,Emericellamide B,NPA010689,nrp
BGC0001293,Cyclizidine,NPA006699,pk
BGC0001294,7-prenylisatin,NPA014784,other
BGC0001295,Cremeomycin,NPA006413,other
BGC0001296,Streptazone E,NPA005197,pk
BGC0001299,Chlorotonil A,NPA005497,pk
BGC0001300,Anthracimycin,NPA000874,pk
BGC0001303,Lobosamide A,NPA001294,pk
BGC0001305,Fujikurin D,NPA004349,pk
BGC0001312,Viscosin,NPA006108,nrp
BGC0001327,Rakicidin B,NPA012160,nrp:pk
BGC0001332,Microtermolide A,NPA029003,nrp:pk
BGC0001333,BE-54017,NPA005807,alkaloid
BGC0001334,Cladoniamide E,NPA002270,alkaloid
BGC0001338,Citrinin,NPA014581,pk
BGC0001339,Squalestatin S1,NPA011630,pk
BGC0001340,Byssochlamic acid,NPA004332,pk
BGC0001341,Valinomycin,NPA006953,nrp
BGC0001343,Aurachin A,NPA006692,pk
BGC0001344,Tubulysin H,NPA001723,nrp:pk
BGC0001345,Myxochelin A,NPA002219,nrp
BGC0001349,Heronamide A,NPA002271,nrp:pk
BGC0001350,Phormidolide,NPA004201,pk
BGC0001357,Carbamidocyclophane B,NPA003410,pk
BGC0001366,BE-24566B,NPA001814,pk
BGC0001368,JBIR-126,NPA016046,nrp
BGC0001374,Thienodolin,NPA017595,other
BGC0001375,Penitrem B,NPA003988,terpene
BGC0001376,WS79089A,NPA008064,pk
BGC0001377,Uncialamycin,NPA001771,pk
BGC0001381,Brasilinolide C,NPA002229,pk
BGC0001383,Macrolactin E,NPA008986,pk
BGC0001384,Saprolmycin E,NPA013794,pk
BGC0001387,Nucleocidin,NPA011799,other
BGC0001392,Pinensin A,NPA020235,ripp
BGC0001393,Lugdunin,NPA024660,nrp
BGC0001394,Phenalamide A2,NPA018050,nrp:pk
BGC0001396,Lobariether A,NPA022177,pk
BGC0001397,C-1027,NPA018592,nrp:pk
BGC0001398,Phomopsin A,NPA002037,ripp
BGC0001399,Fellutamide B,NPA014580,nrp
BGC0001400,Citreoviridin,NPA023799,pk
BGC0001401,6'-chloromelleolide F,NPA012057,pk
BGC0001402,Cyclochlorotine,NPA009940,nrp
BGC0001403,Trypacidin,NPA024701,pk
BGC0001404,Sorbicillin,NPA024619,pk
BGC0001405,11-epichaetomugilin A,NPA009796,pk
BGC0001406,Telomycin,NPA024641,nrp
BGC0001409,Dutomycin,NPA007234,pk
BGC0001413,Cystobactamid 507,NPA001660,nrp
BGC0001414,Griselimycin,NPA024719,nrp
BGC0001415,Althiomycin,NPA024703,nrp:pk
BGC0001416,Nunapeptin,NPA024685,nrp
BGC0001429,Myxochromide S1,NPA001302,nrp:pk
BGC0001433,Nigrifactin,NPA001371,pk
BGC0001434,Nematophin,NPA007705,nrp
BGC0001435,Ikarugamycin,NPA003249,nrp:pk
BGC0001436,Octacosamicin B,NPA020763,pk
BGC0001437,Obafluorin,NPA002806,nrp
BGC0001438,Warkmycin CS1,NPA024697,pk:saccharide
BGC0001439,Cervimycin D,NPA001341,pk:saccharide
BGC0001440,Cystargolide A,NPA004240,other
BGC0001441,Belactosin C,NPA010752,other
BGC0001442,Actinonin,NPA007269,nrp
BGC0001443,Matlystatin A,NPA012386,nrp:pk
BGC0001444,Caboxamycin,NPA016764,other
BGC0001445,Leporin B,NPA024627,nrp:pk
BGC0001446,Asparasone A,NPA018953,pk
BGC0001447,Primycin,NPA004540,pk
BGC0001448,Malacidin A,NPA024661,nrp
BGC0001449,Actiketal,NPA020679,alkalod:nrp:pk
BGC0001450,4'-oxomacrophorin D,NPA002415,alkaloid:terpene
BGC0001451,FR900359,NPA020026,nrp
BGC0001452,Sipanmycin A,NPA024680,pk
BGC0001454,Germicidin,NPA010967,other
BGC0001457,Jomthonic acid A,NPA010628,nrp
BGC0001458,Salinipostin A,NPA000195,other
BGC0001459,MM 47761,NPA024604,nrp
BGC0001462,Avoparcin alpha,NPA024639,nrp
BGC0001466,Cladosporiumin G,NPA022968,pk
BGC0001467,Hapalosin,NPA019174,nrp:pk
BGC0001468,Bicyclomycin,NPA009159,other
BGC0001469,Marthiapeptide A,NPA001576,nrp
BGC0001470,Macrobrevin,NPA024663,pk
BGC0001471,Saalfelduracin,NPA024654,thiopeptide
BGC0001472,Berninamycin A,NPA001733,ripp
BGC0001473,Sch 18640,NPA028382,thiopeptide
BGC0001474,Thiopeptin B,NPA021217,thiopeptide
BGC0001475,Aspterric acid,NPA028478,terpene
BGC0001476,Pseudouridimycin,NPA002322,other
BGC0001477,Lydicamycin,NPA020675,nrp:pk
BGC0001479,Anabaenopeptin C,NPA000543,nrp
BGC0001480,Tundrenone,NPA020035,other
BGC0001481,Alpha-acorenol,NPA028316,terpene
BGC0001484,2'-amino-2'-deoxyadenosine,NPA001164,other
BGC0001485,3-demethylchuangxinmycin,NPA028491,alkaloid
BGC0001487,BMY-28438,NPA020783,other
BGC0001488,4-formylaminooxyvinylglycine,NPA018485,other
BGC0001489,6-hydroxymellein,NPA028477,pk
BGC0001492,Abyssomicin V,NPA022253,pk
BGC0001493,Achromosin,NPA021561,ripp
BGC0001494,Acinetodin,NPA028369,ripp
BGC0001495,Actinoallolide A,NPA009490,pk
BGC0001496,Actinokineosin,NPA028473,ripp
BGC0001501,Ambiguine P,NPA010396,alkaloid
BGC0001502,Amonabactin P 750,NPA013817,nrp
BGC0001503,Amycolamycin A,NPA023896,pk
BGC0001504,Amycomicin,NPA028466,pk
BGC0001506,Anantin B1,NPA028407,ripp
BGC0001508,Andrastin A,NPA013834,pk
BGC0001509,Anikasin,NPA024738,nrp
BGC0001510,Anisomycin,NPA017379,other
BGC0001511,Ansamitocin P-3,NPA028323,pk
BGC0001512,BE-24566B,NPA001814,pk
BGC0001514,Aristeromycin,NPA018381,other
BGC0001515,Aspercryptin A1,NPA028362,nrp
BGC0001516,Aspergillic acid,NPA028490,nrp
BGC0001517,Asperphenamate,NPA028493,nrp
BGC0001518,Astellolide A,NPA015959,terpene
BGC0001519,Aurantimycin A,NPA019300,nrp:pk
BGC0001520,Aurantinin B,NPA016670,pk
BGC0001521,Auriculamide,NPA000620,nrp
BGC0001522,Auroramycin,NPA024449,pk
BGC0001523,Azalomycin F3a,NPA005717,pk
BGC0001524,Barnesin A,NPA028381,nrp:pk
BGC0001525,Bartoloside B,NPA024725,other
BGC0001526,Bartoloside E,NPA022055,other
BGC0001527,Basidioferrin,NPA028475,other
BGC0001530,Bicyclomycin,NPA009159,other
BGC0001531,Bisucaberin B,NPA013972,other
BGC0001532,Bogorol A,NPA017873,nrp
BGC0001533,Borrelidin,NPA011087,pk
BGC0001536,Brevicidine,NPA028417,nrp
BGC0001537,Butyrolactol A,NPA012033,pk
BGC0001540,CC-1065,NPA021089,other
BGC0001543,Chejuenolide A,NPA015931,pk
BGC0001544,Chlorflavonin A,NPA001734,nrp:pk
BGC0001545,Chrysogine,NPA009507,nrp
BGC0001546,Chuangxinmycin,NPA028492,alkaloid
BGC0001547,Citreohybridonol,NPA028336,terpene
BGC0001548,Citrulassin A,NPA028409,ripp
BGC0001553,Clifednamide A,NPA024740,nrp:pk
BGC0001556,Combamide A,NPA028356,nrp:pk
BGC0001558,Cosmomycin C,NPA002230,pk
BGC0001559,Crocagin A,NPA024384,ripp
BGC0001560,Cryptomaldamide,NPA022313,nrp:pk
BGC0001561,Curacomycin,NPA028314,nrp
BGC0001563,Curvupallide B,NPA015714,nrp:pk
BGC0001564,Cusperin A,NPA027290,nrp:pk
BGC0001565,Cyclosporin C,NPA028321,nrp
BGC0001566,Cylindrocyclophane F,NPA028330,pk
BGC0001567,Cysteoamide,NPA024297,nrp
BGC0001568,Cytorhodin X,NPA020622,pk
BGC0001569,Dechlorocuracomycin,NPA028315,nrp
BGC0001570,Deimino-antipain,NPA022822,nrp
BGC0001571,Demethoxyviridin,NPA028454,terpene
BGC0001574,SF2768,NPA028494,nrp
BGC0001576,Divamide A,NPA028414,ripp
BGC0001577,Divamide B,NPA028415,ripp
BGC0001578,Duclauxin,NPA010037,pk
BGC0001579,PA48009,NPA028482,ripp
BGC0001582,Ecumicin,NPA004733,nrp
BGC0001585,Melinacidin IV,NPA012219,alkaloid
BGC0001590,Formicamycin A,NPA028441,pk
BGC0001593,Ficellomycin,NPA028481,nrp
BGC0001594,Fischerindole L,NPA018655,alkaloid
BGC0001596,Fluostatin M,NPA023300,pk
BGC0001597,Fluvirucin B2,NPA017782,pk
BGC0001599,Fragin,NPA028469,nrp
BGC0001600,Fusarielin H,NPA028470,pk
BGC0001606,Gibepyrone A,NPA019445,pk
BGC0001607,Gilvusmycin,NPA001823,other
BGC0001608,Glidopeptin,NPA028463,nrp
BGC0001609,Gliovirin,NPA016022,nrp
BGC0001610,Gougerotin,NPA028335,other
BGC0001611,Guangnanmycin A,NPA028328,nrp:pk
BGC0001612,Ambiguine H isonitrile,NPA018261,alkaloid
BGC0001614,Hassallidin E,NPA027282,nrp
BGC0001616,Himeic acid A,NPA010543,nrp:pk
BGC0001619,Ibomycin,NPA022819,pk
BGC0001621,TMC-2A,NPA002280,nrp
BGC0001622,Isatropolone A,NPA024379,pk
BGC0001623,Ishigamide,NPA028318,nrp:pk
BGC0001624,Iso-A82775C,NPA028398,other
BGC0001625,Isofuranonaphthoquinone A,NPA021580,pk
BGC0001627,isonitrile lipopeptides,NPA000013,nrp
BGC0001628,JBIR-95,NPA000864,nrp
BGC0001629,Jessenipeptin,NPA024767,nrp
BGC0001630,Kasumigamide,NPA000355,nrp
BGC0001632,Kawaguchipeptin A,NPA007478,ripp
BGC0001633,Ketomemicin B3,NPA028360,other
BGC0001635,Kistamicin A,NPA017605,nrp:pk
BGC0001636,KK-1,NPA028479,nrp
BGC0001637,Kleboxymycin,NPA028467,nrp
BGC0001638,Klebsazolicin,NPA028413,ripp
BGC0001639,Klebsidin,NPA028370,ripp
BGC0001640,Kocurin,NPA012970,ripp
BGC0001641,Kolossin A,NPA020256,nrp
BGC0001642,Koraiol,NPA028317,terpene
BGC0001643,Penicidone D,NPA002394,pk
BGC0001644,Lacunalide A,NPA024412,pk
BGC0001645,Lagmysin,NPA028410,ripp
BGC0001646,Lagriamide,NPA028416,nrp:pk
BGC0001647,Lagunapyrone B,NPA003983,pk
BGC0001649,Lavendiol,NPA028327,pk
BGC0001650,Le-pyrrolopyrazine A,NPA028352,nrp
BGC0001652,Limazepine F,NPA001599,nrp
BGC0001653,Linfuranone B,NPA022723,pk
BGC0001655,LP2006,NPA028411,ripp
BGC0001658,Macrotermycin A,NPA023824,pk
BGC0001659,Mangicol A,NPA016972,terpene
BGC0001660,Mathermycin,NPA028474,ripp
BGC0001661,Mayamycin,NPA001659,pk
BGC0001662,Mediomycin A,NPA001352,pk
BGC0001663,Merocyclophane D,NPA020073,pk
BGC0001666,Microansamycin A,NPA023909,pk
BGC0001667,Microcystin-FR,NPA000266,nrp:pk
BGC0001668,EQ-4,NPA016720,nrp
BGC0001669,Microvionin,NPA028427,ripp
BGC0001674,MS-271,NPA024450,ripp
BGC0001675,Murayaquinone,NPA016238,pk
BGC0001676,Mycemycin D,NPA002188,alkaloid
BGC0001679,N-Acetyltryptophan,NPA015473,nrp
BGC0001689,Naphthgeranine A,NPA028483,pk
BGC0001691,Nectrisine,NPA028476,other
BGC0001693,Nenestatin A,NPA022891,pk
BGC0001694,Neoabyssomicin A,NPA022906,pk
BGC0001695,Neoantimycin,NPA010703,nrp
BGC0001696,Neothioviridamide,NPA022547,ripp
BGC0001698,Nevaltophin A,NPA028346,nrp
BGC0001699,Nidulanin A,NPA028456,nrp
BGC0001700,Niphimycin C,NPA022538,pk
BGC0001702,Nocamycin,NPA028480,nrp:pk
BGC0001703,Bu-2313 B,NPA021064,other
BGC0001706,Nodulisporic acid F,NPA009237,terpene
BGC0001709,Nystatin A1,NPA020315,pk
BGC0001710,Obafluorin,NPA002806,nrp
BGC0001711,Occidiofungin A,NPA009265,nrp:pk
BGC0001712,Ochrindole A,NPA001610,other
BGC0001713,Ochrobactin A,NPA028324,other
BGC0001714,Octacosamicin A,NPA020764,nrp:pk
BGC0001716,Odilorhabdin NOSO-95A,NPA028338,nrp
BGC0001717,Okaramine B,NPA000505,nrp
BGC0001718,Okaramine D,NPA009135,nrp
BGC0001719,Olimycin A,NPA028342,pk
BGC0001720,Oosporein,NPA019555,pk
BGC0001722,Orsellinaldehyde,NPA017284,pk
BGC0001724,Oxaleimide C,NPA028383,nrp:pk
BGC0001725,Oxetanocin,NPA020834,other
BGC0001726,Pactamide A,NPA028435,nrp:pk
BGC0001729,Paraherquonin,NPA009756,pk:terpene
BGC0001730,Paramagnetoquinone A,NPA022213,pk
BGC0001731,Paulomycin A,NPA021409,other
BGC0001734,Penilumamide,NPA000513,nrp
BGC0001736,Pepteridine A,NPA028488,nrp
BGC0001738,Phomasetin,NPA003199,nrp:pk
BGC0001740,Phthoxazolin,NPA006501,nrp:pk
BGC0001741,Phyllostictine B,NPA007656,nrp:pk
BGC0001746,Pristinol,NPA024344,terpene
BGC0001749,Epipyriculol,NPA012998,pk
BGC0001750,Pyrronazol B,NPA013257,nrp:pk
BGC0001751,Pyxipyrrolone A,NPA001468,nrp:pk
BGC0001752,Qinichelin,NPA028371,nrp
BGC0001753,Radamycin,NPA009696,ripp
BGC0001755,Reedsmycin A,NPA028429,pk
BGC0001757,Rhabduscin,NPA028337,other
BGC0001758,Glidopeptin,NPA028463,nrp
BGC0001760,Rimosamide A,NPA028364,nrp
BGC0001761,Ripostatin B,NPA000250,pk
BGC0001764,S56-P1,NPA028368,nrp
BGC0001766,Salinamide A,NPA017584,nrp
BGC0001767,Salinichelin A,NPA028401,nrp
BGC0001768,Sansalvamide,NPA019256,nrp
BGC0001769,Saquayamycin A,NPA010796,pk
BGC0001770,Sceliphrolactam,NPA001145,pk
BGC0001772,Scytophycin A,NPA027322,pk
BGC0001773,Selvamicin,NPA028457,pk
BGC0001774,Spicamycin,NPA004363,other
BGC0001775,Sespendole,NPA009868,terpene
BGC0001776,Shearinine D,NPA002287,terpene
BGC0001778,Showdomycin,NPA012925,other
BGC0001779,Siamycin I,NPA020590,ripp
BGC0001780,Siphonazole,NPA009453,nrp
BGC0001781,Sphaericin,NPA028320,ripp
BGC0001782,Lynamicin F,NPA001636,other
BGC0001783,Streptonigrin,NPA002378,other
BGC0001784,Streptoseomycin,NPA023934,pk
BGC0001786,Subterisin,NPA024044,ripp
BGC0001790,Sulfazecin,NPA028399,nrp
BGC0001791,Sunshinamide,NPA024414,nrp
BGC0001792,Surugamide D,NPA004501,nrp
BGC0001795,Swinholide A,NPA028393,pk
BGC0001796,Tauramamide,NPA005010,nrp
BGC0001797,Telomestatin,NPA006938,ripp
BGC0001798,Tetrapetalone C,NPA000499,pk
BGC0001800,Theonellamide A,NPA028458,nrp:pk
BGC0001801,Watasemycin A,NPA008164,nrp
BGC0001802,Thioholgamide B,NPA013128,ripp
BGC0001806,Tolaasin A,NPA004692,nrp
BGC0001807,Totopensamide C,NPA028355,nrp:pk
BGC0001810,Trehangelin A,NPA028404,pk
BGC0001813,Tyrobetaine,NPA028379,nrp
BGC0001814,Ulleungmycin A,NPA022515,nrp
BGC0001816,Valactamide A,NPA028412,nrp:pk
BGC0001818,Vazabitide A,NPA012786,nrp
BGC0001819,Venemycin,NPA028319,pk
BGC0001822,Vioprolide A,NPA001487,nrp
BGC0001823,Weishanmycin A1,NPA028460,nrp:pk
BGC0001824,Xefoampeptide A,NPA028419,nrp
BGC0001825,Xenematide,NPA019233,nrp
BGC0001826,Xeneprotide A,NPA028424,nrp
BGC0001827,Xenovulene A,NPA007151,nrp
BGC0001828,Griseochelin,NPA014465,pk
BGC0001830,Rosamicin,NPA004259,pk
BGC0002037,Azetidomonamide A,NPA032933,nrp
BGC0002038,Nigericin,NPA001792,pk
BGC0002039,Coformycin,NPA032755,other
BGC0002040,Coformycin,NPA032755,other
BGC0002042,Anthelvencin C,NPA033489,nrp
BGC0002043,Cittilin B,NPA032063,ripp
BGC0002044,Empedopeptin,NPA020908,nrp
BGC0002045,1-Hydroxy-4-methoxy-2-naphthoic acid,NPA001965,pk
BGC0002046,Lobatamide A,NPA028537,nrp:pk
BGC0002047,Brasiliquinone A,NPA006884,pk
BGC0002048,Endopyrrole A,NPA032899,nrp
BGC0002049,Microviridin N3,NPA032892,microviridin
BGC0002050,Necroxime A,NPA031543,nrp:pk
BGC0002051,Antipain,NPA021186,nrp
BGC0002052,Ectoine,NPA024861,other
BGC0002053,Ulleungdin,NPA032873,ripp
BGC0002054,Amipurimycin,NPA021133,nrp:pk:saccharide
BGC0002058,Reutericyclin,NPA018209,nrp:pk
BGC0002059,Spliceostatin L,NPA033157,nrp:pk
BGC0002060,Secimide,NPA033159,pk
BGC0002061,Nostopeptolide A1,NPA032798,nrp:pk
BGC0002062,Agnestin A,NPA026367,pk
BGC0002063,Cryptosporioptide B,NPA001897,pk
BGC0002065,Strobilurin A,NPA021114,pk
BGC0002066,Harzianopyridone,NPA033004,nrp:pk
BGC0002067,Atpenin B,NPA018005,nrp:pk
BGC0002068,18-O-demethylpederin,NPA022395,nrp:pk
BGC0002069,Styrolide A,NPA028534,other
BGC0002070,Pentagumycin,NPA033498,pk
BGC0002071,Virginiafactin A,NPA028626,nrp
BGC0002072,Linearmycin B,NPA005208,pk
BGC0002073,Dehydroxynocardamine,NPA017033,nrp
BGC0002074,Huascopeptin,NPA032097,ripp
BGC0002075,Pyreudione B,NPA024340,alkaloid:nrp
BGC0002076,Acaterin,NPA010624,other
BGC0002078,Omnipeptin,NPA027196,nrp
BGC0002079,Omnipeptin,NPA027196,nrp
BGC0002080,Stieleriacine B2,NPA033125,other
BGC0002081,Streptoketide A,NPA032109,pk
BGC0002082,Sesbanimide C,NPA018944,nrp:pk
BGC0002083,Gladiofungin A,NPA031554,pk
BGC0002085,Everninomicin D,NPA032756,saccharide
BGC0002086,Rosamicin,NPA004259,pk
BGC0002089,Thaxtomin A,NPA009094,nrp
BGC0002090,Undecylprodigiosin,NPA009372,nrp:pk
BGC0002091,Holomycin,NPA013565,nrp
BGC0002092,Tensin,NPA011452,nrp
BGC0002093,Ilicicolin H,NPA013324,nrp:pk
BGC0002095,Leupeptin Pr-LL,NPA013087,nrp
BGC0002096,Tetrachlorizine,NPA033165,pk
BGC0002098,ECO-0501,NPA015568,pk
BGC0002102,Pladienolide B,NPA008881,pk
BGC0002103,Pulcherriminic acid,NPA012181,other
BGC0002107,Fabrubactin A,NPA033168,nrp:pk
BGC0002108,Cinnapeptin,NPA033130,nrp
BGC0002109,Kitacinnamycin A,NPA033005,nrp
BGC0002117,Potashchelin A,NPA033136,nrp
BGC0002127,Flaviolin,NPA032742,pk
BGC0002128,5-DMAIAN,NPA032817,other
BGC0002133,Methanobactin,NPA033449,ripp
BGC0002155,Nectriapyrone D,NPA032464,pk
BGC0002157,Ditryptophenaline,NPA009630,alkaloid:nrp
BGC0002158,Tenuazonic acid,NPA015602,nrp:pk
BGC0002159,Lagopodin B,NPA033442,terpene
BGC0002160,Aspergillicin A,NPA010186,nrp
BGC0002162,Sesterfisherol,NPA032823,terpene
BGC0002163,Fusatin,NPA032864,other
BGC0002165,Stemphyloxin II,NPA032776,pk
BGC0002168,Calbistrin A,NPA032785,pk
BGC0002169,Acurin A,NPA032971,nrp:pk
BGC0002171,Pyrophen,NPA006435,nrp:pk
BGC0002171,Campyrone B,NPA015792,nrp:pk
BGC0002172,Fusaoctaxin A,NPA032876,nrp
BGC0002173,Fumihopaside A,NPA026768,saccharide:terpene
BGC0002175,YWA1,NPA033448,pk
BGC0002176,Culmorin,NPA032745,terpene
BGC0002177,Ustilaginoidin O,NPA003236,pk
BGC0002178,Gramillin A,NPA022841,nrp
BGC0002179,Tentoxin,NPA032752,nrp
BGC0002180,(+)-Asperlin,NPA004517,pk
BGC0002181,Pleuromutilin,NPA033323,terpene
BGC0002182,Viridin,NPA015300,other
BGC0002184,Zizanin-A,NPA033026,terpene
BGC0002186,Fusaristatin A,NPA004181,nrp:pk
BGC0002187,Monocillin IV,NPA003154,pk
BGC0002188,W493 A,NPA032794,nrp:pk
BGC0002189,Fusaristatin A,NPA004181,nrp
BGC0002191,Prolipyrone B,NPA000132,pk
BGC0002192,FR901512,NPA002301,pk
BGC0002193,Phenguignardic acid,NPA011282,other
BGC0002194,Iso-D8646-2-6,NPA012345,pk
BGC0002195,Kojic acid,NPA028615,other
BGC0002198,Nanangelenin B,NPA032973,nrp
BGC0002199,Nanangenine A,NPA027144,alkaloid
BGC0002200,Aurovertin E,NPA013371,pk
BGC0002204,TMC-169,NPA003204,nrp:pk
BGC0002205,Phomacin D,NPA032034,nrp:pk
BGC0002208,Oxepinamide F,NPA010066,nrp
BGC0002209,Ustethylin A,NPA032250,pk
BGC0002210,Pyranoviolin A,NPA032957,nrp:pk
BGC0002218,(-)-cyatha-3_12-diene,NPA002662,terpene
BGC0002223,Scytalidin,NPA032753,pk
BGC0002225,Aculene A,NPA007875,terpene
BGC0002226,Acu-dioxomorpholine,NPA032821,nrp
BGC0002227,AKML D,NPA033146,nrp
BGC0002228,CIML D,NPA033150,nrp
BGC0002229,Epi-aculin A,NPA011264,pk
BGC0002230,Tolypyridone C,NPA029476,nrp:pk
BGC0002231,Fusaric acid,NPA032539,nrp:pk
BGC0002233,Trichoxide,NPA032906,pk
BGC0002234,Flavoglaucin,NPA033320,pk
BGC0002237,Dichlorodiaportin,NPA003721,pk
BGC0002238,2_4'-dihydroxy-3'-methoxypropiophenone,NPA033519,pk
BGC0002239,Pyrrocidine B,NPA005887,nrp:pk
BGC0002240,BAA,NPA033166,pk
BGC0002241,YWA1,NPA033448,pk
BGC0002242,Oxepinamide D,NPA008926,nrp
BGC0002243,Biruloquinone,NPA033455,pk
BGC0002244,Pestalotiollide B,NPA010566,pk
BGC0002245,Terpestacin,NPA017440,terpene
BGC0002246,Naematolin,NPA032780,terpene
BGC0002247,Chamiside A,NPA026776,nrp:pk
BGC0002248,Flavunoidine,NPA033042,nrp:terpene
BGC0002250,Triticone A,NPA028982,nrp:pk
BGC0002252,Bovistol B,NPA027130,terpene
BGC0002253,Waikikiamide A,NPA032306,pk
BGC0002254,Notoamide A,NPA004681,pk
BGC0002255,Lijiquinone,NPA032970,pk
BGC0002256,Fusarochromene,NPA033043,nrp:other
BGC0002257,Rufoschweinitzin,NPA031978,pk
BGC0002258,Shimalactone A,NPA014121,pk
BGC0002259,Beauveriolide I,NPA006686,nrp:pk
BGC0002260,Brasilane D,NPA033045,terpene
BGC0002261,Lucilactaene,NPA009844,pk
BGC0002262,Sporothriolide,NPA017246,pk
BGC0002263,Spiromarmycin,NPA033492,pk:terpene
BGC0002264,Hancockiamide A,NPA033179,nrp
BGC0002265,Atranorin,NPA017166,pk
BGC0002266,Calidoustene A,NPA033273,pk:terpene
BGC0002268,Citridone B,NPA003700,nrp:pk
BGC0002269,MCA17-1,NPA033279,nrp:pk
BGC0002275,Pyrophen,NPA006435,nrp:pk
BGC0002277,Atromentin,NPA018419,nrp
BGC0002278,Brasiliamide D,NPA009301,alkaloid:nrp
BGC0002279,?(6)-protoilludene,NPA003496,terpene
BGC0002280,?(6)-protoilludene,NPA003496,terpene
BGC0002281,Sambutoxin,NPA015617,nrp:pk
BGC0002283,Sodorifen,NPA031220,terpene
BGC0002284,Corynecin III,NPA033050,other
BGC0002285,Aborycin,NPA013246,ripp
BGC0002286,Ririwpeptide A,NPA032928,nrp
BGC0002287,Mutanocyclin,NPA027195,nrp
BGC0002288,Ashimide A,NPA026369,nrp
BGC0002289,Leepeptin,NPA027201,ripp
BGC0002290,Biscognienyne B,NPA023808,other
BGC0002291,Efomycin K,NPA032890,pk
BGC0002292,Pyrazofurin,NPA033439,other
BGC0002293,Ohmyungsamycin B,NPA002531,nrp
BGC0002294,Streptozotocin,NPA032744,other
BGC0002295,Oxazinomycin,NPA021195,nrp:saccharide
BGC0002296,Vatiamide A,NPA025670,nrp:pk
BGC0002297,Microcystin-HilR,NPA016189,nrp:pk
BGC0002299,Beta-Ethynylserine,NPA032759,other
BGC0002303,Pristinin A3,NPA032995,ripp
BGC0002304,Varicidin A,NPA032902,nrp:pk
BGC0002305,Legonoxamine B,NPA025613,other
BGC0002307,Humidimycin,NPA018275,ripp
BGC0002308,Camporidine A,NPA025087,alkaloid:pk
BGC0002309,Cattleyene,NPA025669,terpene
BGC0002311,Cutimycin,NPA033053,ripp
BGC0002313,Streptozotocin,NPA032744,other
BGC0002314,Corbomycin,NPA033054,nrp
BGC0002315,Accramycin A,NPA026185,pk
BGC0002316,Cebulantin,NPA025668,ripp
BGC0002317,Pantocin A,NPA015179,ripp
BGC0002319,Salinipeptin A,NPA025860,ripp
BGC0002320,Conidiogenone,NPA017609,terpene
BGC0002321,Pulcherrimin,NPA033322,other
BGC0002322,Citrocin,NPA033464,other
BGC0002324,Myxochelin A,NPA002219,nrp:pk
BGC0002327,Bolagladin A,NPA033055,nrp
BGC0002328,Rc-AIP1,NPA033520,ripp
BGC0002329,Gramibactin B,NPA024966,nrp
BGC0002330,Landornamide A,NPA028538,ripp
BGC0002331,Labradorin 1,NPA004194,other
BGC0002333,Lucensomycin,NPA032743,pk
BGC0002334,Heptyltyrazolone,NPA033514,other:ripp
BGC0002335,Bolagladin A,NPA033055,nrp
BGC0002338,Sorangipyranone,NPA033057,pk
BGC0002339,2-Hydroxysorangiadenosine,NPA031448,terpene
BGC0002340,VD 844,NPA021225,nrp:other
BGC0002341,3_5-dibromo-p-anisic acid,NPA025876,other
BGC0002342,Myxofacycline A,NPA033228,nrp:pk
BGC0002343,Ammosester A,NPA033058,alkaloid:ripp
BGC0002346,Kyamicin,NPA033500,ripp
BGC0002347,Cyanogramide,NPA006265,alkaloid
BGC0002348,Aspulvinone E,NPA001618,nrp
BGC0002349,Epemicin A,NPA033170,pk:saccharide
BGC0002350,Bleomycin A2,NPA020036,nrp:pk:saccharide
BGC0002351,Thanafactin A,NPA033288,nrp
BGC0002352,Terpenibactin A,NPA031985,other
BGC0002353,SCH 40832,NPA018436,ripp
BGC0002354,Huimycin,NPA032936,ripp
BGC0002355,Tetrafibricin,NPA004966,other:pk
BGC0002356,Mediomycin A,NPA001352,other:pk
BGC0002357,Neomediomycin B,NPA032848,other:pk
BGC0002358,Cyclofaulknamycin,NPA033315,pk
BGC0002359,Dudomycin A,NPA033496,nrp
BGC0002360,Depsibosamycin B,NPA033312,nrp
BGC0002361,Baikalomycin A,NPA033131,pk:saccharide
BGC0002362,Loseolamycin A1,NPA033123,pk
BGC0002363,Berninamycin A,NPA001733,ripp
BGC0002364,Trichostatin RK,NPA001835,pk
BGC0002365,10-epi-HSAF,NPA026677,other:pk
BGC0002366,Enterocin,NPA009644,pk
BGC0002367,Rotihibin A,NPA021263,nrp
BGC0002368,Aetokthonotoxin,NPA033237,alkaloid:nrp
BGC0002369,Maduralactomycin A,NPA032288,pk
BGC0002370,Zelkovamycin C,NPA032258,nrp
BGC0002371,Pseudovibriamide B4,NPA033258,nrp
BGC0002372,Marinoterpin A,NPA033304,alkaloid:pk:terpene
BGC0002373,Bonnevillamide D,NPA033307,nrp
BGC0002374,Pulvomycin C,NPA032312,pk
BGC0002375,Cladosporiumin I,NPA030822,nrp:pk:ripp
BGC0002376,Bombyxamycin A,NPA026755,pk
BGC0002377,WS9326A,NPA018526,nrp
BGC0002378,Coprisamide C,NPA033318,nrp
BGC0002379,MA026,NPA033064,nrp
BGC0002380,Microviridin 1777,NPA029246,ripp
BGC0002381,BE-18591,NPA011112,alkaloid:pk
BGC0002382,Grimoviridin,NPA032940,ripp
BGC0002383,Kinanthraquinone,NPA021738,pk
BGC0002384,Lysocin E,NPA032822,nrp
BGC0002385,Dumulmycin,NPA032535,pk
BGC0002387,Yangpumicin A,NPA023891,pk
BGC0002407,Angustmycin A,NPA033066,other:saccharide
BGC0002408,Malleobactin X,NPA033068,nrp
BGC0002409,Frankobactin A1,NPA033069,nrp
BGC0002410,Frankobactin A1,NPA033069,nrp
BGC0002411,Cyanochelin A,NPA033309,nrp:pk
BGC0002412,Holomycin,NPA013565,nrp
BGC0002413,Frederiksenibactin,NPA033076,nrp
BGC0002414,Cyclic trichrysobactin,NPA009364,nrp
BGC0002415,Vanchrobactin,NPA016075,nrp
BGC0002416,Variobactin A,NPA032830,nrp:pk
BGC0002417,Variochelin A,NPA032836,nrp:pk
BGC0002418,Pacifibactin,NPA025052,nrp:pk
BGC0002419,Acidobactin A,NPA032826,nrp:pk
BGC0002420,Vacidobactin A,NPA032828,nrp:pk
BGC0002423,Arsinothricin,NPA032834,other
BGC0002424,Saccharochelin A,NPA033296,nrp
BGC0002426,Svetamycin A,NPA024236,nrp
BGC0002427,Subglutinol A,NPA003785,pk:terpene
BGC0002429,Higginsianin B,NPA021815,pk:terpene
BGC0002430,Gausemycin A,NPA033084,nrp:saccharide
BGC0002431,X-14868A,NPA032771,pk:saccharide
BGC0002432,Laterocidine,NPA028418,nrp
BGC0002433,Azotobactin delta,NPA033086,nrp
BGC0002434,Clifednamide D,NPA029427,nrp:pk
BGC0002435,Aristeromycin,NPA018381,other
BGC0002437,Thermoactinoamide A,NPA022444,nrp
BGC0002438,Sporidesmin A,NPA032651,alkaloid
BGC0002439,Izumiphenazine C,NPA014841,other
BGC0002440,Longicatenamide A,NPA033280,nrp
BGC0002443,Mycemycin A,NPA002608,pk
BGC0002445,8?-hydroxy-6-protoilludene,NPA033501,terpene
BGC0002446,Ionostatin,NPA032994,pk
BGC0002451,Inthomycin b,NPA017140,pk
BGC0002453,Ansaseomycin A,NPA026783,pk
BGC0002454,Venturicidin A,NPA006299,pk
BGC0002455,Lagriene,NPA032863,pk
BGC0002456,Alchivemycin A,NPA001178,nrp:pk
BGC0002457,Alazopeptin,NPA033438,nrp
BGC0002458,Alazopeptin,NPA033438,nrp
BGC0002460,Loonamycin A,NPA032309,alkaloid
BGC0002462,Coformycin,NPA032755,saccharide
BGC0002463,Staphyloferrin B,NPA012996,other
BGC0002464,Alcaligin,NPA009792,other
BGC0002466,Desferri-peucechelin,NPA032825,nrp
BGC0002468,Anguibactin,NPA003158,nrp
BGC0002469,Woodybactin A,NPA031062,other
BGC0002470,Synechobactin A,NPA027592,other
BGC0002471,Baumannoferrin B,NPA001975,other
BGC0002472,Ulbactin F,NPA001813,nrp
BGC0002473,Propanochelin,NPA033092,nrp
BGC0002474,Agrobactin,NPA018820,nrp
BGC0002475,Enantiopyochelin,NPA028468,nrp
BGC0002476,Enterobactin,NPA018623,nrp
BGC0002477,Thioangucycline A,NPA033238,pk
BGC0002478,(+)-ochromycinone,NPA013516,pk
BGC0002479,Miharamycin A,NPA015271,nrp:pk:saccharide
BGC0002480,Chlorosphaerolactylate D,NPA029291,nrp:pk
BGC0002481,Scytodecamide,NPA025827,ripp
BGC0002482,Tjipanazole D,NPA027252,other
BGC0002483,Isousnic acid,NPA012908,pk
BGC0002484,Scytocyclamide A2,NPA032954,nrp:pk
BGC0002485,Muscoride A,NPA012082,alkaloid:ripp
BGC0002486,Tolypamide,NPA033095,ripp
BGC0002487,Staphylopine,NPA032835,other
BGC0002488,Bacillopaline,NPA032932,other
BGC0002491,Myxochelin A,NPA002219,nrp
BGC0002492,Myxochelin A,NPA002219,nrp
BGC0002492,Myxochelin B,NPA032737,nrp
BGC0002493,Parabactin,NPA032762,nrp
BGC0002494,Vibriobactin,NPA033096,nrp
BGC0002495,Photobactin,NPA014343,nrp
BGC0002496,Serratiochelin C,NPA005944,nrp
BGC0002497,Hexacosalactone A,NPA033097,other
BGC0002498,Clethramycin,NPA005033,other
BGC0002498,Desulfoclethramycin,NPA032818,other
BGC0002499,Enteromycin,NPA018410,nrp:pk
BGC0002500,NFAT-133,NPA002050,pk
BGC0002501,Pretrichodermamide C,NPA003927,alkaloid
BGC0002502,Fumonisin B2,NPA006013,pk
BGC0002503,Chitinimide B,NPA033505,nrp:pk
BGC0002504,Nocardiopsistin A,NPA030616,pk
BGC0002505,Xenoacremone A,NPA033154,nrp:pk
BGC0002506,Piloquinone,NPA001187,pk
BGC0002506,Homopiloquinone,NPA033490,pk
BGC0002507,Sporandol,NPA032792,pk
BGC0002509,Capsimycin,NPA021085,nrp
BGC0002510,Youssoufene A1,NPA032222,pk
BGC0002511,Biruloquinone,NPA033455,pk
BGC0002512,Anabaenopeptin 802,NPA028786,nrp
BGC0002513,6-methylcristazarin,NPA010254,pk
BGC0002514,Julichrome Q6.6,NPA020498,pk
BGC0002515,Solanapyrone A,NPA019708,pk
BGC0002516,Prephenalenone,NPA033456,pk
BGC0002517,Niizalactam C,NPA005723,pk
BGC0002518,Syringafactin A,NPA032805,nrp
BGC0002519,19S_20-epoxy-18-oxotryprostatin A,NPA030979,alkaloid
BGC0002520,Quinolidomicin A1,NPA020601,pk
BGC0002521,Putisolvin III,NPA032997,nrp
BGC0002522,Viscosinamide A,NPA011708,nrp
BGC0002523,Desertomycin B,NPA001246,nrp
BGC0002525,NG-391,NPA004762,pk
BGC0002526,K-41A,NPA032761,pk
BGC0002527,Vibrioferrin,NPA024673,other
BGC0002528,2-N_6-N-di-(2_3-dihydroxybenzoyl)-L-lysine,NPA032747,nrp
BGC0002529,2-N_6-N-di-(2_3-dihydroxybenzoyl)-L-lysine,NPA032747,nrp
BGC0002531,Cepaciachelin,NPA032790,nrp
BGC0002532,Anachelin,NPA032797,nrp:pk
BGC0002533,Piscibactin,NPA006148,nrp:pk
BGC0002534,Cahuitamycin A,NPA030136,nrp:pk
BGC0002536,Alazopeptin,NPA033438,nrp
BGC0002537,Emeridone F,NPA025572,pk:terpene
BGC0002538,Chaetolivacine A,NPA032937,pk
BGC0002539,Chaetoglobosin A,NPA013078,alkaloid
BGC0002540,Tetramycin B,NPA032769,pk
BGC0002541,Notonesomycin A,NPA020856,other
BGC0002542,Apratoxin A,NPA012281,nrp:pk
BGC0002543,Acrophiarin,NPA033491,nrp
BGC0002544,Amychelin,NPA011646,nrp
BGC0002545,Sungeidine A,NPA032984,pk
BGC0002546,Cytoglobosin X,NPA032942,nrp:pk
BGC0002547,Youssoufene A1,NPA032222,pk
BGC0002548,Bananamide F,NPA026208,nrp
BGC0002551,Muscoride A,NPA012082,alkaloid:ripp:terpene
BGC0002552,9-O-methyl-ansacarbamitocin A1,NPA024184,pk
BGC0002553,Tunicamycin A,NPA024688,other
BGC0002554,Carquinostatin A,NPA001264,alkaloid
BGC0002555,Emerimicin V,NPA033101,nrp:pk
BGC0002556,Cervinomycin B3,NPA025311,alkaloid
BGC0002557,Penifulvin A,NPA013937,terpene
BGC0002558,Scopranone A,NPA023888,pk
BGC0002560,Thiostreptamide S4,NPA032839,ripp
BGC0002561,Phenazin SA,NPA027225,alkaloid
BGC0002562,IBR-1,NPA032914,pk
BGC0002563,Gramibactin B,NPA024966,nrp
BGC0002564,Megapolibactin A,NPA025683,nrp
BGC0002565,Plantaribactin,NPA025689,nrp
BGC0002569,Ornibactin C6,NPA002700,nrp
BGC0002570,Yersiniabactin,NPA015861,nrp:pk
BGC0002572,Heinamide A1,NPA033109,nrp:pk
BGC0002573,Phosphoramidon,NPA021178,other
BGC0002576,Mechercharmycin A,NPA018397,ripp
BGC0002578,Gaburedin A,NPA028617,other
BGC0002581,Bosamycin A,NPA031579,nrp
BGC0002582,Guanipiperazine A,NPA033117,nrp
BGC0002584,Azolemycin B,NPA002151,ripp
BGC0002587,Ossamycin,NPA002420,pk
BGC0002589,Argyrin E,NPA003175,nrp
BGC0002591,Aurachin C,NPA006757,pk:terpene
BGC0002592,GEODIN,NPA017530,pk
BGC0002593,Lecanoric acid,NPA021170,pk
BGC0002594,Orsellinic acid,NPA024876,pk
BGC0002595,Orsellinic acid,NPA024876,pk
BGC0002596,Lecanoric acid,NPA021170,pk
BGC0002598,Ochratoxin A,NPA016066,pk
BGC0002600,Helvolic acid,NPA007805,alkaloid
BGC0002601,Fumagillin,NPA010119,alkaloid
BGC0002602,Aspergillic acid,NPA028490,alkaloid
BGC0002603,Chevalone E,NPA016726,pk
BGC0002604,Sartorypyrone A,NPA007035,pk
BGC0002605,Ochratoxin A,NPA016066,nrp:pk
BGC0002606,Ochratoxin A,NPA016066,nrp:pk
BGC0002607,Ochratoxin A,NPA016066,nrp:pk
BGC0002608,Ochratoxin A,NPA016066,nrp:pk
BGC0002609,Ochratoxin A,NPA016066,nrp:pk
BGC0002610,Stellatic acid,NPA032764,terpene
BGC0002611,Mulundocandin,NPA020824,nrp
BGC0002612,Anditomin,NPA032767,terpene
BGC0002613,Piscibactin,NPA006148,nrp:pk
BGC0002614,Subglutinol A,NPA003785,nrp:pk
BGC0002616,Mycophenolic acid,NPA015757,pk
BGC0002618,Shearinine A,NPA013387,terpene
BGC0002619,Mycophenolic acid,NPA015757,pk
BGC0002725,Prunipeptin,NPA033227,ripp
BGC0002732,WS 79089B,NPA003624,pk
BGC0002733,Sinapigladioside,NPA032862,other
BGC0002738,Pyranonigrin A,NPA012801,nrp:pk
BGC0002739,Cladofulvin,NPA011050,pk
BGC0002741,Quinolactacin A,NPA015318,unknown
BGC0002743,Pyranterrone H,NPA029617,unknown
BGC0002744,Trihazone C,NPA033035,nrp:pk
BGC0002745,Verrucosidin,NPA032775,pk
BGC0002746,Dendrothelin A,NPA033153,ripp
BGC0002747,Lentinulin A,NPA033152,ripp
BGC0002748,Omphalotin,NPA024608,nrp
